cgpa,dsa,projects,internship,communication,aptitude,certifications,consistency,score,status
6.872700594236813,10,4,0,6,9,2,0.34998745790900143,0.7952978475687384,0
5.714334089609704,2,5,0,1,7,3,0.7692763545078751,0.7984911878872982,0
5.003893829205071,4,0,1,9,5,4,0.5159725093210579,4.351359047007026,0
5.697469303260209,2,3,0,3,8,2,0.7299702033681603,-0.37463476061446066,0
8.401537692938899,8,1,1,8,1,1,0.6523068845866853,5.411893807190267,0
5.610191174223894,7,2,1,0,3,1,0.6312611421769909,2.5223542936804897,0
6.558555380447055,5,5,1,3,5,4,0.7847923138822792,4.997740076016535,0
9.609371175115584,7,5,0,8,7,4,0.6943386448447411,5.36187199045478,0
9.143687545759647,9,0,1,8,0,0,0.9934434683002586,7.157295589303825,1
9.07730714227417,0,2,0,0,10,4,0.9631504392566745,4.434735125914494,0
8.255385127509722,6,0,1,1,0,5,0.6625916610133735,4.366565639723772,0
9.436063712881634,0,2,0,2,0,4,0.7806385987847482,3.9003536561939782,0
8.854835899772805,6,2,0,9,9,3,0.5539457134966522,3.307526234424974,0
6.571779905381634,3,5,0,6,6,4,0.5699205456508365,2.3186063565971766,0
6.015306123673847,6,2,0,5,1,1,0.7040601897822085,3.5231189279809056,0
9.018360384495573,3,5,1,10,9,3,0.6781489190384875,6.299574365923075,0
6.3606612469231765,10,5,0,3,8,2,0.30347606526559534,-0.3365687407807183,0
6.110539052353651,2,1,1,7,10,5,0.4093821097865351,2.7107782527779287,0
7.790510010086706,3,0,1,0,9,3,0.6234380314193007,4.358297582833169,0
5.740434649767,7,0,0,0,1,1,0.5055185066591157,2.539290479288332,0
5.165253664502742,0,0,0,1,4,3,0.5238915822865458,2.2065668534211786,0
5.404266631663576,7,2,0,5,7,4,0.6161529152967897,4.097546657230685,0
8.167648553804474,10,0,0,10,5,4,0.9291794024068599,4.424350071382889,0
8.55574766219009,2,3,1,6,3,0,0.845468869051233,3.873876835456131,0
6.933676731502687,1,0,0,8,8,1,0.7623468091392813,2.413180494562529,0
8.299920230170894,9,0,1,0,1,0,0.5465513839029497,3.5484797258249916,0
9.486078789766633,4,2,0,8,8,2,0.8501789149863856,4.590446696327694,0
7.02254063561095,0,3,0,0,7,3,0.9492770942635396,3.148799675939991,0
8.03214529829795,2,5,0,2,8,4,0.6419604873687328,2.783088285660699,0
7.242120714931237,8,3,0,3,0,5,0.6626998490796339,1.1539624505762622,0
8.73245702559012,7,2,0,0,10,2,0.8181663090929476,4.698442031438176,0
9.894464291375044,2,5,1,10,10,1,0.6750392038473378,4.390487211110361,0
8.225516810152824,0,4,1,2,3,2,0.8842770071531545,2.511133404655784,0
9.417470111331294,8,4,1,0,4,2,0.9901657918580229,8.326124215819934,1
5.376731280030641,4,0,1,2,1,0,0.4973457334047361,0.8139025244740701,0
6.270818245348694,9,1,1,0,7,0,0.3683106657210144,3.4954944015287657,0
8.544554984550594,6,4,1,6,9,2,0.628103471797229,3.7492823866320593,0
5.025924313869934,3,4,1,0,7,5,0.6978963347180505,2.3982430478163095,0
9.450026709087831,6,3,1,1,6,5,0.664076333737366,4.607450540769947,0
6.25125680257932,9,5,0,5,10,3,0.46332562089802043,3.8071169206357607,0
9.139345018937943,4,3,1,3,2,3,0.5663727111214849,3.197497553382776,0
7.167603687903711,9,1,0,9,4,5,0.9179900602561029,4.60119267554491,0
8.479871030468491,4,0,1,9,0,1,0.6198936795787016,4.473499790244812,0
7.583481287132834,4,5,0,6,2,3,0.7830186052470381,4.137398174095427,0
5.793232238212455,5,0,0,4,0,5,0.7277302920055035,2.199273240696299,0
5.489170803255007,4,3,0,4,6,1,0.6079250490261082,4.134880653104029,0
8.175468254338218,1,3,0,9,9,2,0.7515681292900438,3.93273639688492,0
5.8146721354071484,7,1,0,10,3,3,0.49408496310326094,3.1843413256051383,0
8.216441092211767,0,4,0,10,4,3,0.6930513189003871,3.298613735112098,0
5.355943242301145,7,4,1,9,9,5,0.7072342412944679,5.487087055475293,0
5.590824138108282,4,1,0,10,7,3,0.5089730158577894,2.2636090113116194,0
7.117354711540592,7,2,0,2,3,1,0.6250082246080524,3.0442201165216702,0
7.902720061719549,6,5,1,4,0,4,0.8699543802236873,4.78919972975615,0
7.671637367652817,3,0,1,10,2,0,0.5267426483736845,2.19660205424032,0
9.792707484415992,2,3,0,6,3,2,0.7465128288859024,4.406837239679909,0
6.063639475121144,4,0,0,4,9,1,0.32877938000832213,3.3649197309382752,0
7.747644411618678,4,2,0,10,10,1,0.9843259719870674,5.9453793086549505,0
9.192403818819926,7,1,0,1,10,1,0.5733024108460127,3.3901526807522995,0
7.566630843461964,5,2,1,0,5,3,0.6183425968410394,3.5819382337933114,0
6.751091233501567,2,4,1,5,6,2,0.42436207721514396,3.1549931419012314,0
6.651262645095493,2,4,0,1,9,3,0.35940895813403595,1.7469900084337728,0
8.730224396327117,8,3,0,8,7,0,0.6117979192597263,2.6799349499055625,0
9.816112697203057,4,5,0,10,4,3,0.7769271422006604,4.456124482750486,0
8.146993190676312,0,4,1,5,2,0,0.9576271708345532,5.129799879581131,0
5.289319488788537,5,3,1,4,7,1,0.39406057986188064,0.03253375832368688,0
7.91828055925436,4,0,1,10,5,0,0.6398817535844729,4.132309084724325,0
7.056033604360931,2,4,1,1,2,4,0.8067075979678949,4.704746246898372,0
9.330319447502042,4,0,1,0,1,0,0.6883694849689703,3.1254641181513034,0
8.74789149988036,8,5,0,10,0,4,0.5317559147950006,4.562989189840341,0
8.749553747349859,2,4,0,4,4,4,0.878540601021228,5.7660284807222,0
6.205424161648159,8,5,0,2,3,5,0.7391103337395961,1.6226943526481636,0
9.156857450312506,1,3,0,5,4,5,0.9383268013291726,3.803338071170024,0
7.017414331061985,6,4,0,1,10,2,0.9515755293383131,4.82239762806192,0
8.040439247709426,1,5,0,10,2,1,0.6741277335116502,2.9214309013247357,0
7.569947445799054,7,3,1,6,9,2,0.8488209357467317,5.698257932267699,0
8.844588706576987,3,4,1,5,4,1,0.664375805143754,5.346896142349994,0
6.200728093890966,2,0,0,6,10,5,0.6488337868484659,3.1881206506861206,0
7.058306071787641,2,2,0,1,9,2,0.5204343081332394,0.995043088109517,0
5.844675315360822,9,4,1,4,5,0,0.5672117518662615,5.471865999581487,1
6.6504975665507775,10,0,1,8,8,5,0.34087951597443594,2.6998590638638578,0
9.367893120533886,0,1,1,0,7,0,0.7986390411277153,3.7709445234404035,0
9.620208795537167,9,3,0,7,1,4,0.5311706812556207,3.4256680419498284,0
5.738695459531133,2,2,0,6,10,3,0.353586005669888,2.243219614918625,0
6.212352518173648,8,4,1,9,6,0,0.7203549929389655,4.929116170296357,0
5.446021643560281,8,0,0,3,8,3,0.47755215163965237,1.7847410240055737,0
7.920997423570846,5,1,0,7,7,0,0.7822292712613206,5.716535947665328,0
6.6872341693595905,3,1,1,1,10,2,0.7932576243964898,2.743671865530703,0
5.508912363102018,5,5,0,3,10,5,0.44254758434692354,2.7435021257895746,0
5.866867976473774,6,0,0,2,2,4,0.7911893084543031,2.5038813743169426,0
9.847352166376844,3,5,1,0,7,5,0.8343216099622155,4.525403536634484,0
9.646879945637929,10,1,0,4,5,1,0.6618396182021218,3.9607239821390707,0
6.212048662075401,0,1,1,5,4,5,0.37718135763710114,-1.004784466649209,0
7.405700509274087,10,2,0,5,1,1,0.7743015589690766,2.3562504882909456,0
8.422857739399166,3,0,0,4,8,0,0.5583480320708407,2.410410432762197,0
7.365831005259461,5,2,1,0,4,5,0.8729872627743591,5.521583671574571,0
6.025009050266187,2,2,0,7,5,3,0.720914388379136,2.5273664976930466,0
5.698861883131448,8,4,1,2,4,4,0.707287360115691,6.0362834139175385,0
9.386002704065541,8,1,1,7,6,5,0.9498337226460866,9.100846570300378,1
8.120507720909188,0,0,0,0,0,1,0.7717764305569943,1.879596316952717,0
5.5844902035418205,5,2,0,2,7,1,0.3696360363316936,2.137085283392455,0
8.97012594635148,0,3,1,6,10,3,0.9988463079619216,6.913656071910157,0
5.715639927742348,3,5,1,9,4,2,0.6773176459300583,4.585393843090959,0
5.5145801537207255,3,4,1,3,7,4,0.5699303185564184,-0.5903459664871262,0
8.859409902991224,10,2,0,3,3,1,0.6258995294534764,2.878435470771936,0
6.728479967519597,10,5,1,7,5,5,0.50042570838182,5.474526126509247,1
7.9311491600839865,1,0,0,7,10,3,0.5511063321125997,2.2495758905002172,0
9.593752611303731,4,4,1,9,0,3,0.687217684860211,4.869249265505143,0
5.931604397470603,6,0,0,5,6,2,0.5956377178724646,1.8769768784078313,0
6.9950135193506515,8,4,0,9,3,0,0.3023160115023014,1.1490782337459515,0
7.686978014689615,10,5,1,6,1,2,0.8687506240548741,6.226227026966004,0
6.12302411469991,10,2,1,7,8,3,0.5094627247522739,3.40191986570378,0
7.902941751390218,5,1,1,1,4,0,0.5890179834348757,3.715356716035064,0
9.805351587347275,0,3,1,5,7,0,0.6497979558832385,2.7688732679295547,0
7.133944526683747,7,2,1,0,7,2,0.5328543197141762,1.5230798205892224,0
8.877638083475052,1,1,1,0,1,5,0.7798201656541089,3.2986121119904035,0
9.308928105067587,6,2,1,9,9,2,0.8219997716195079,6.884541843628005,1
5.126931778301724,1,4,1,0,8,2,0.4155373982940357,1.171552368516209,0
5.892723310271668,0,3,0,7,1,2,0.42158609549972703,0.2588550545473568,0
8.611334659278295,7,5,0,3,3,4,0.5705409243888568,1.3322174462967198,0
5.434625074751747,9,0,0,4,2,4,0.738222037937647,2.1694788205658355,0
8.214627818071266,1,1,0,4,3,2,0.6297117167156463,3.3961180005511578,0
6.340318204114381,4,4,1,8,1,4,0.4472328797709588,1.5050200600288275,0
9.742266534810783,5,3,1,0,9,5,0.7437155991247568,5.160759403047199,0
5.112346541600587,8,1,0,8,6,0,0.36967803703641205,1.7872681366637744,0
9.174651183996495,3,1,1,1,6,4,0.5091953382737333,1.2441338005353304,0
7.770890012578967,8,5,1,6,4,1,0.5700092693302246,5.62079791168348,0
6.332491966854411,10,1,1,8,4,1,0.7572059729624798,4.241854479536119,0
7.594588526414188,1,3,1,10,0,2,0.5451684802888039,2.399572734006,0
8.854929627677393,4,2,1,10,3,0,0.8607664305609528,7.094647139753848,1
9.770434682698166,5,4,1,0,9,3,0.7699213894540967,5.324214821493674,0
9.207648301550217,0,5,0,10,1,0,0.885456101872911,3.641347391094769,0
8.44201198213868,9,0,0,2,2,1,0.8997079394844896,5.738965197838176,0
6.360725686149813,1,3,0,4,10,2,0.7810493928820588,3.66310858173681,0
7.606503337067847,7,2,1,4,0,4,0.8461382822589263,6.003733006370169,0
6.248340044295929,8,3,0,10,9,0,0.7720296698433067,5.073977905886226,0
8.4871013362342,8,2,1,7,1,2,0.972133244556717,6.473882270014306,1
9.310213254946568,6,2,1,10,9,0,0.8250836752216141,8.103216437179597,1
7.405309419220432,2,4,0,7,9,3,0.7862138797167328,1.723641510221794,0
9.019884897004488,3,4,1,8,1,0,0.9429888741180936,5.586192462502018,1
9.350494369504649,10,4,0,1,2,2,0.9989670552666687,8.015444399116495,1
6.753559077258551,0,4,1,4,8,3,0.7920417345996476,3.7431228847262235,0
7.106785011385351,4,0,1,0,2,4,0.6773110788203882,4.620962661448321,0
6.436194958270409,3,1,1,4,8,0,0.7551695510287671,2.8669803943200156,0
9.782078487797126,4,4,0,10,5,5,0.800399223221099,4.403625378384823,0
9.518619835876352,1,0,0,3,3,2,0.7007901182127437,1.8920510972448659,0
9.153212588753123,9,2,1,8,9,0,0.5932191310721273,5.988661337360419,0
6.7506262958336505,4,5,0,6,0,0,0.7638761415976065,4.351998544481897,0
8.480103090268962,7,2,1,2,5,4,0.6119088074113115,3.3577240202920278,0
7.684872114467067,8,3,1,4,1,2,0.9387304313151902,5.180321471259109,0
9.778257491148768,9,0,0,7,8,4,0.8676063272617264,4.943361368161164,0
6.406954802887634,5,2,0,9,1,5,0.7810609862960249,3.4812980657475276,0
9.5325685972229,2,1,1,10,0,5,0.7606301560902075,6.684345493702944,0
6.226427661276673,10,2,1,8,10,4,0.6487357308346418,6.883865330870233,0
5.793025526465368,10,4,1,8,2,1,0.3644349337367226,5.230067943218539,0
8.71754128145804,1,3,1,6,1,4,0.8084634591878711,4.414101735794324,0
6.299017905320799,7,4,0,5,2,5,0.3092138593691087,1.5663764072927788,0
7.161203919462562,1,3,1,4,5,3,0.5868767376537833,3.5071426413248594,0
8.542860023013148,5,0,1,9,7,2,0.9262073295993238,6.746337164877966,0
8.380261285933772,3,2,0,3,6,4,0.5110617757644986,2.0640053032228494,0
8.852037089038966,9,1,1,1,3,0,0.5510968098468595,1.3060648273887687,0
9.27104887230783,6,4,0,10,3,1,0.8864113900084023,4.406698096875072,0
9.340271612661464,7,3,0,4,4,2,0.9822602361351043,4.738461840006269,0
8.800470392190487,4,2,0,0,9,3,0.8622113363070585,3.099750753894645,0
9.340614067452655,7,3,1,10,7,3,0.5927627578515606,6.084806753652894,0
8.882984263958708,10,5,1,3,6,2,0.8983989139320138,9.112183064269766,1
9.837556318068888,3,5,0,8,6,0,0.8036532241313357,3.929732021089553,0
6.237699778016876,8,5,1,8,5,5,0.46296273197603743,3.5046381329255905,0
9.921757037014519,0,4,1,1,5,2,0.8474909430632713,6.52520105037322,0
8.89925494446675,7,2,1,2,7,0,0.6210225079312637,6.329877970436748,0
7.798243417434571,1,3,0,1,0,0,0.9412667429098001,2.5184037632241374,0
5.412542672202107,3,1,1,6,1,5,0.5837704241307791,2.625270435142989,0
6.00075122122405,6,3,0,7,10,4,0.6532378632434506,4.052931270219525,0
5.15793072412821,5,0,0,8,1,3,0.7354845618730428,3.4616538608501624,0
6.69725096271403,10,2,1,3,5,1,0.6919162767094309,5.04566253979373,0
5.203770530462364,9,5,0,1,5,3,0.4235516170050732,1.8277964214826619,0
8.948492535712395,6,2,1,1,5,1,0.826631509618665,4.378514821444664,0
6.6615731267755445,7,0,0,2,9,2,0.6401141212156456,2.5369733468488205,0
9.341362527041902,9,4,1,3,4,3,0.8676751493328763,6.344691487925161,0
7.524224409465089,1,0,0,8,3,1,0.8626288302075682,3.909014420860916,0
9.503509320056292,5,1,0,2,9,5,0.6795755148331157,3.444912256015003,0
6.9192357593389815,1,4,0,0,2,1,0.6579124823410443,2.1855667517635013,0
7.461389282240174,5,3,0,7,6,0,0.8313106395041602,3.5452973535950925,0
5.476307539773131,0,2,0,8,1,2,0.6283683322706461,1.590984009861415,0
5.654368303591749,6,2,1,2,5,5,0.46544468149458595,1.9047377096127058,0
7.243887869157016,8,0,0,3,7,2,0.9742916774257169,3.750411871016227,0
6.896792949612118,10,4,0,4,4,0,0.7220852244845986,3.8396228877205236,0
9.028350764750266,5,3,0,3,1,5,0.5285434280446575,3.162675465239602,0
5.196717703342548,6,2,1,4,4,2,0.45807805248837524,2.4793836769805546,0
7.536174043441962,9,3,0,1,7,2,0.5024699904672048,2.7190453875815495,0
9.33959147260011,7,2,1,6,5,3,0.5628707559033244,4.355986096979293,0
5.663573269096387,3,1,1,6,7,1,0.3941745418828007,0.487706674861619,0
6.172806466674143,5,1,0,6,6,1,0.4871483835698963,2.429174030070664,0
5.0875799543103115,1,0,1,7,7,0,0.3151935298484184,0.9451719440519231,0
8.382566928886233,2,5,0,4,8,1,0.6742868336209853,3.5142948053148304,0
5.796437226214025,5,0,0,8,8,4,0.6911927420291367,4.688903330242716,0
9.39257780650674,5,5,1,5,2,5,0.9506878247942221,6.916447462867862,0
6.585978583826993,10,0,1,5,6,0,0.4641906139425405,4.2376794011431365,0
7.817194636742294,2,3,0,8,0,0,0.7728434442477368,4.371932470021495,0
7.222097263756008,5,1,0,2,7,5,0.8212879844735947,3.5799221576848543,0
7.711818324898692,7,1,1,4,9,0,0.6900978093929285,5.95283234907552,0
7.900861846136662,3,2,1,6,5,5,0.8590615381132471,5.892006374730362,1
9.635172723981533,3,4,0,5,2,1,0.583165803871571,2.852248843468049,0
8.086758787064872,4,3,1,10,2,1,0.8051668916554592,5.106845721154584,0
5.609430466684738,10,3,1,6,6,0,0.5836561098144517,4.7650947446476115,0
6.282813918506819,3,3,1,5,6,5,0.5751132710781308,3.4152769936840666,0
9.757016711033284,6,5,1,4,5,3,0.6140398859744662,3.9236792858294747,0
6.060224199541134,9,1,0,9,7,0,0.418435279487241,1.4009908782830922,0
9.113071592568392,6,1,0,1,2,3,0.5748519839784789,3.32555256698394,0
7.11972406456651,4,0,0,1,0,4,0.5478572777600809,1.7311740941713014,0
8.035470180443903,10,1,0,8,8,1,0.6372701270000627,3.586679262920928,0
7.985234584478459,1,2,1,5,6,0,0.8462180756621849,4.615273844495881,0
7.891934585032045,6,4,1,3,7,4,0.9470954373320591,5.785804015074314,1
6.616857810577604,10,5,0,6,3,4,0.5595298954541352,4.544524219035107,0
9.40039543780729,1,2,1,9,2,5,0.8347434775990951,4.6630257841922385,0
9.970696806105838,1,5,0,2,1,5,0.6667847747361002,2.0039821848109995,0
9.808328679774066,8,1,1,8,6,3,0.673785762119491,6.159536082613423,0
8.977249803948645,6,3,0,7,5,4,0.8685901125036215,4.01900724559443,0
8.357792218065185,3,5,1,1,7,0,0.8042432063298957,5.405227717782668,0
5.796520103094902,3,0,0,1,1,0,0.34382137338191926,0.17284263181862544,0
6.527621553290118,3,5,0,9,3,1,0.5578397138482489,3.0967059984037912,0
9.596959866072087,10,5,1,4,3,1,0.7505764995910049,7.978825654880781,1
8.371519032045242,9,5,1,5,2,3,0.909367502037135,6.020261386935045,1
5.114469124880602,10,1,0,1,3,1,0.620486038672666,2.2125056469352495,0
9.310072411363112,3,5,0,5,3,2,0.9763987638006472,4.764701815320293,0
9.12600383707784,4,1,1,4,1,3,0.5675831445774113,3.196236633592235,0
9.8291108057661,3,1,0,5,10,5,0.8012765819214325,4.702162432083489,0
6.823991095722647,2,4,0,1,9,0,0.3290818977527379,0.6559277530861815,0
5.606924697112144,2,3,0,3,3,0,0.4163227692813405,-0.056336075140504316,0
6.104013148928196,3,3,1,5,6,1,0.3653551883700997,1.799107693992125,0
5.973112559103825,6,2,1,5,6,4,0.4935393801678154,3.947288216560475,0
9.819111377411755,6,1,1,10,4,5,0.895168867930074,9.541487750555739,1
5.948474240873386,4,0,0,4,9,1,0.6146494030053681,3.0603022953893526,0
5.994281388876479,4,4,1,3,0,2,0.43292556832715673,2.110600440091484,0
6.330096390026903,4,1,1,3,1,3,0.4217389842024336,4.214311329710753,0
8.258553239554843,2,0,0,3,5,1,0.8925082719185284,2.333894784929735,0
8.440673530432711,0,1,1,9,7,4,0.912566097964352,7.665288218876983,1
6.931744549241578,5,0,0,0,6,4,0.3750845004085208,1.4888131835179952,0
8.401138896041767,7,0,0,10,0,4,0.9010652790637937,6.137605028017484,1
5.1778543351777415,3,4,1,9,3,2,0.785374978835335,2.7673282990085433,0
7.748080218594622,5,1,1,0,7,0,0.9879954247993963,3.4449207916057225,0
8.336751990232141,2,0,1,3,8,0,0.9799132590379644,5.944262584843915,0
5.626167852164135,10,1,1,4,1,2,0.32186781293998473,1.7999856174499635,0
5.554039810899035,1,0,0,7,10,5,0.5197024948472261,1.508935657357413,0
6.203463559162525,4,3,1,2,0,4,0.44295339461958005,2.318554507684846,0
9.079734694843086,6,0,1,8,1,4,0.8775209643731392,8.032011128195846,1
8.642453385808066,6,3,1,10,5,5,0.992334869762254,8.6030359957348,1
9.686940332485594,1,1,0,4,3,2,0.9825648710634982,2.41162067670212,0
6.711918180167732,5,2,0,0,7,2,0.4487742256594103,1.7005983626430512,0
7.8251099642950805,6,3,0,8,4,1,0.7790211625744835,4.418737828543021,0
9.407253898375107,3,2,1,9,1,2,0.6554644650037771,5.653930401483546,0
9.07559192240184,10,2,1,8,8,3,0.7620795853630811,7.446987287731309,0
5.055158071312329,8,1,0,8,3,2,0.6781323289457263,3.161744808568868,0
9.209851857483542,5,2,0,9,3,4,0.8216825899558922,3.597297585716715,0
5.6891144957961775,5,4,1,7,6,4,0.31453569017197686,2.6288759925034424,0
5.834425589274355,8,4,1,0,6,3,0.5550548562494126,3.935278918006403,0
6.127193777318469,3,3,1,7,1,5,0.7024944998403848,4.084128557315141,0
6.3491036006410715,2,0,0,2,5,4,0.6729626044068373,2.159184265278683,0
6.867312980720867,6,0,0,0,1,3,0.3312711134486842,2.4053268476632437,0
9.006834579097596,10,0,1,5,0,0,0.8187766322351149,3.791037054126924,0
8.429556355249318,10,0,1,4,8,3,0.6811177208261442,4.825148946934392,0
6.672556443709661,10,0,1,5,5,0,0.7648084614378421,4.306024010703605,0
6.88457082368186,4,3,0,4,9,4,0.6530095038320123,3.5790494265213066,0
8.155853229783531,6,1,0,0,7,0,0.5035146019068095,1.7846243749056339,0
9.613115290438948,8,3,0,7,9,5,0.5181438113067511,2.3962281080526906,0
6.378599265477761,6,3,1,7,9,5,0.5144434394305193,3.040982819083549,0
5.78190902201724,3,2,1,1,9,2,0.36962268555879757,1.8397635949402704,0
7.662103411376085,0,2,0,5,1,2,0.9816972171067753,3.6627399070015763,0
5.261289396430119,7,5,0,4,9,4,0.4282650312221239,2.3088768320719875,0
8.270873007370373,9,4,1,0,2,2,0.9860026648157685,6.6354606788388315,1
5.756234143674673,3,1,0,6,5,0,0.5616954556871832,1.888797676197461,0
5.573844359346087,1,3,1,10,8,5,0.5744193283600294,1.7315138391316132,0
9.2345936404428,9,4,0,1,5,0,0.8345111686645541,6.650707996292239,1
7.058827707922543,6,5,1,7,7,5,0.9032018086164197,5.778775526236634,0
6.006818910679872,6,4,1,9,3,5,0.677053840158082,5.358703103777306,1
5.631268913963067,5,3,1,10,8,1,0.6753647534996736,7.067949933280185,1
6.718315963045516,0,1,1,2,5,3,0.5258484096158413,4.295668337717894,0
6.986906952426582,10,2,0,2,10,3,0.5616648155973707,4.034630185102878,0
7.887966829405787,4,0,0,7,1,1,0.7238014701601085,1.9896489106577104,0
7.789100959646007,1,2,0,2,10,1,0.5844271033388431,4.733677109176375,0
5.166918008931906,7,4,1,10,4,3,0.6992966361913756,5.771396467468235,0
9.28436968037547,8,3,0,6,0,4,0.992055159518249,6.477153430532919,1
9.40963879152322,10,2,0,8,2,0,0.5146820795511962,4.341536008998142,0
9.11479223110743,9,5,1,4,2,4,0.6684202509305517,6.719263437586402,1
8.79791205057316,8,2,1,8,4,1,0.9096275524357306,7.404981004465228,0
7.627174562728465,4,3,1,9,0,4,0.7100593639238625,5.5439646921499035,0
8.068887094078494,6,5,0,4,10,5,0.9895524690075772,6.227397242077263,0
5.631323707822514,1,1,0,7,7,3,0.64083474120081,1.4037878741430743,0
9.958713085839193,6,2,1,9,8,5,0.6801889099651738,5.24415625530698,1
8.815776456294447,4,5,1,3,0,0,0.8942236716266494,3.7543784057578584,0
9.535975153529149,10,2,0,10,10,1,0.7235277719032127,5.742640576053632,0
9.32281804761335,7,5,0,2,10,3,0.5090000444726075,2.638553871324257,0
9.83121705353399,5,0,0,2,2,1,0.8496576875631019,3.2953875825356147,0
9.197304547503833,6,5,0,8,10,3,0.9146973324294234,6.467092266311807,1
8.518429887303979,3,0,1,8,0,3,0.6506326303800002,4.057088756605076,0
7.9917874214887945,2,0,0,8,3,2,0.9514474975959937,3.946715244260349,0
7.966107850536922,8,4,1,0,2,2,0.997718758095655,8.972203945944424,1
9.278480469187697,4,4,1,3,4,2,0.7441873144914694,4.73573050674796,0
5.163228387728343,2,0,1,7,0,4,0.6472252280653543,3.1918293787438135,0
5.411035318558908,5,3,1,8,2,1,0.382412337673381,4.071870283962733,0
8.198027805888408,6,3,1,3,5,3,0.7438335343106321,4.414260044636507,0
8.261121297727362,1,1,0,6,8,0,0.6344794729132355,3.327574744387488,0
5.01460516310681,5,1,0,7,2,3,0.5348208873403545,1.7118097786785411,0
7.252326508289091,0,2,1,2,3,0,0.7582863142229895,2.809684430041067,0
9.012928397899064,0,5,1,10,5,5,0.6389110363908672,4.361196909561494,0
9.083410877253591,0,0,0,7,4,2,0.93993133868058,2.9205260357739196,0
8.377101037735446,2,2,0,0,7,3,0.8649301544242392,3.35107714661909,0
9.411292780474238,4,4,1,0,9,3,0.9105991412751133,6.0208029249326485,0
5.5724381903295255,0,3,1,4,2,3,0.5747918283610718,0.6745481729121353,0
9.501606340371357,9,2,0,8,6,1,0.834286323361457,3.89479674159248,0
7.968303956042693,9,5,1,2,5,0,0.8062867341724096,8.459552278812723,1
9.368492967331726,3,5,0,4,1,4,0.5332219221778874,1.3048945745672456,0
5.0585330536545206,2,2,0,6,9,4,0.3615016475618728,0.782627702599222,0
7.793211982252126,8,0,1,4,5,2,0.7149655386950741,3.2021879315267796,0
6.531567493891064,9,5,1,1,2,2,0.7287811688306418,6.882691677574244,0
7.154926102566481,7,2,1,9,10,0,0.5137101549863288,4.886214740050653,0
7.558406932907559,4,3,0,7,0,0,0.9733222169967731,1.3454480136562554,0
6.698844135755589,9,3,1,2,10,2,0.5048144474476159,4.5555150915702765,0
8.028896247263452,1,3,1,5,0,3,0.5836798665693139,1.710025690688344,0
9.860126282482955,7,2,0,10,3,1,0.5194980062874558,2.8026598466588872,0
5.80012468231597,1,5,0,4,9,4,0.7177401181911638,1.1372655906943663,0
6.851984931376532,4,2,0,5,3,1,0.7133536798707437,2.5413773820413423,0
6.927559523684612,5,3,0,4,8,0,0.566128765574488,2.92843083497951,0
5.841684779595651,4,2,0,2,2,1,0.7134074868982094,1.3232665383797737,0
7.537231830598711,4,3,0,6,3,2,0.5826210252213015,3.0238380219414913,0
7.914922130823012,2,4,0,1,10,3,0.7008894003271622,4.169965452260942,0
8.10330239912292,4,4,1,4,0,4,0.7715122919788315,6.375892286178493,1
9.82014423582757,4,1,0,5,5,4,0.872930019313506,3.51593088438259,0
8.403779464802428,8,5,1,5,0,2,0.7313378025326968,6.402435302325902,0
7.4170371798657335,5,1,1,5,10,0,0.7813558495111697,6.773811866199418,0
6.811340435492956,0,2,0,10,1,3,0.7137594610531515,1.2714857663776205,0
8.822638973273587,3,4,0,8,7,3,0.5015839242903508,1.2264286218793385,0
6.201911943497419,5,2,0,4,6,1,0.5384217341589086,3.0901122061240947,0
8.438610212152803,10,2,1,9,9,5,0.8222351385605169,7.455338538919862,1
7.6428905486109855,2,2,1,7,9,0,0.544906077141387,4.125912401133132,0
5.011587739524069,2,0,1,8,4,0,0.3345147704439248,1.7555764013079287,0
9.422121377509885,2,1,0,7,6,0,0.8615747432323148,4.10934100954,0
6.4016723039576044,3,5,0,5,10,2,0.5745651681385864,3.7687216705455127,0
8.488781380367147,2,2,1,1,7,0,0.7503121340352089,5.723680466723687,0
8.53543238633349,1,1,1,7,1,2,0.9017413716484424,4.33922643427801,0
9.530555010662486,6,4,0,0,0,0,0.6096369809619379,3.250627546762372,0
5.168345891069364,2,4,0,8,8,5,0.39392142626888704,1.6202379000636953,0
7.269734240541785,3,5,1,3,1,5,0.7315863583756709,4.479143640774223,0
6.173267208879247,4,5,1,3,10,1,0.5007228154565968,3.5572080421283343,0
6.357735237056212,0,0,0,0,9,4,0.32342595426380155,1.7467576679825374,0
6.3808477891044975,5,0,0,7,1,0,0.47018537315288134,1.7812798132921224,0
9.332739908745435,3,3,1,2,2,0,0.6886568307031617,2.5853363440074073,0
9.681605769845785,2,4,0,9,6,1,0.7823145254986316,3.0851324897350754,0
6.271156918743478,10,4,0,0,7,3,0.36480032559772096,3.0252876886996987,0
8.380541157072056,8,5,0,4,3,2,0.8171698698556021,3.5770089705303336,0
9.329100826111777,2,1,1,2,8,3,0.9294783427103148,5.25138007515837,0
7.7603468232668895,3,1,1,8,8,5,0.7361409020814909,5.461581694186932,0
8.038760611263612,1,0,1,7,6,3,0.8692987290661653,4.980832313561009,0
6.57813671881675,4,3,1,5,5,0,0.7451075013180872,3.1410250468663348,0
5.290459760401749,5,5,1,4,4,1,0.3073466943274769,0.2694543477460294,0
6.89547024335968,7,1,1,0,3,5,0.5068213374593176,0.2626213532106818,0
7.65468839206047,5,3,1,10,8,3,0.5208284091913412,4.217093112126186,0
6.988237897960181,0,3,0,0,7,3,0.7880069116396068,3.1921661987878647,0
5.601036145602881,5,4,0,0,6,1,0.41163169275259814,2.1149580245181046,0
8.209299794276777,10,4,1,6,3,2,0.5117974823227646,4.908658278680224,0
8.901880617854902,7,4,1,10,3,2,0.855067715899033,7.7048210330309805,0
8.016459028574715,6,3,1,3,9,0,0.6195793888911215,6.063314127148347,0
7.806467714742014,5,0,0,10,9,3,0.8098672857165445,4.605102701813662,0
9.480375558972867,8,1,0,2,10,4,0.9055618849667355,3.881772119927944,0
8.370651477680315,10,0,0,3,5,5,0.7349941340789683,5.54168238400073,0
8.538606751337637,1,1,0,1,4,3,0.8154608951145816,1.5894248893532643,0
9.789670605283852,10,1,0,9,4,5,0.5381196089867822,3.2867544107248734,0
6.37351907523946,5,5,1,9,2,5,0.7319807903675051,6.7680730795284765,0
5.684995315268357,10,4,1,10,5,0,0.3984628522267142,4.147562009930926,0
9.757149051809161,7,2,1,8,10,4,0.7184979428328104,5.993618815903645,0
9.905889183811473,3,3,0,10,1,0,0.9800678022027236,4.691311116455757,0
7.60729819360736,1,1,0,7,9,5,0.859165587686002,4.458695837782219,0
8.333002395233096,10,3,1,1,5,4,0.749447832267971,3.977781457203106,0
5.060515583880537,9,3,0,9,10,4,0.4110379353466603,3.2725716374976774,0
8.644307211349734,10,5,0,10,8,4,0.7404450733015044,6.294161598299521,0
5.592513117990758,8,5,1,6,10,1,0.7966275077114819,5.784210659615688,0
9.592132160727044,0,2,1,0,1,4,0.6255006916311501,1.3353624491237364,0
7.820370144167589,10,1,1,0,1,0,0.5957964728674129,1.8728030136337535,0
5.1946498166283375,9,0,0,5,1,4,0.41244510840795623,1.7230488576410006,0
7.1569032438703735,10,2,0,2,9,2,0.6412480329864261,4.23510433799681,0
9.732282565752026,7,4,0,3,6,1,0.9444437120018149,4.840654301070429,0
7.72252884524614,7,0,1,2,6,5,0.6035379046054277,3.711210481770261,0
7.0470603590850915,7,2,1,3,1,4,0.8855614079259433,5.812038095542205,0
5.757975374000496,8,0,0,4,7,3,0.512614092718847,2.965983909096995,0
5.273172100004862,9,5,0,3,2,2,0.3259504717936545,-0.41743017287898576,0
5.955593547480013,5,2,0,3,8,4,0.6795344696291878,3.7681789628724647,0
9.090133745693464,10,2,1,8,10,5,0.7028755843075305,7.17548861044948,1
8.812414422377765,5,4,1,0,10,1,0.8546604142363048,5.9527838329686205,0
9.761108928487973,9,5,0,0,3,3,0.8160797495932287,5.624887842785174,1
7.800458487216977,0,0,0,8,2,3,0.9862099995200517,1.9995334111541383,0
5.90097877064074,6,2,1,0,6,1,0.6644905308279082,3.2578949543304674,0
9.308454518936726,0,1,0,8,8,4,0.6066966739878448,1.7741840466630086,0
5.59437195588536,0,3,1,6,0,0,0.49025885493494725,1.409328769224123,0
5.815176684657955,3,1,0,2,10,3,0.36219141562066215,1.1032273128676149,0
9.216390454682012,6,3,1,10,2,5,0.7732151580389237,7.939375412146432,1
5.258343608289805,0,4,0,5,7,4,0.7807566694915424,1.6030681537890503,0
9.043949922817692,3,3,0,1,7,5,0.836351497104449,3.553450744632698,0
8.983406985956861,6,5,1,6,2,1,0.9164151883941356,5.6752615816325,0
6.438163645218391,10,4,0,0,5,0,0.515270104753595,3.6006143155587025,0
9.389922484924174,4,5,1,10,0,5,0.5419597679107147,5.788668696001217,1
6.027007042390147,6,3,0,3,5,5,0.6904979468074957,1.9165074804017768,0
8.926344057580076,7,3,0,7,1,1,0.9573655574782518,4.741908932157449,0
9.885521165257867,1,5,1,4,8,4,0.594907651486078,3.6123629191304585,0
7.910916150462949,0,2,0,6,10,2,0.6026664693533998,0.7100574773846478,0
6.437308324486251,9,5,1,9,10,2,0.3377918069270335,3.675266733239923,0
9.75711610422783,10,0,1,3,2,3,0.5460476266164511,5.7257846053727155,0
6.866299072313795,10,1,0,0,5,0,0.5628781097795674,3.2288882716204057,0
6.247621834191243,1,4,1,0,2,1,0.5245423725054734,0.8870721431187565,0
9.695285479835935,4,2,1,5,3,1,0.686777400523841,4.575427900387558,0
5.252444722062039,0,0,0,3,6,0,0.5709950374448829,0.8795908226093886,0
8.69704114915656,5,5,0,9,1,2,0.7167913963163072,5.132132843716162,0
8.741921748381156,8,3,0,3,10,0,0.7191924900153807,5.946417420708073,0
6.020123328692893,6,0,0,6,3,0,0.40720324149658227,2.007760499548015,0
6.354031640184862,1,2,0,1,2,5,0.6033658623587181,1.1627738247049706,0
9.757453550883936,9,1,1,2,3,2,0.6416523812124653,4.467485208940784,0
8.933847516785637,2,1,1,0,6,2,0.76072451208344,3.682073335085652,0
9.603833042316786,5,2,0,6,0,3,0.6842244599582894,2.528532506113747,0
9.476730445765845,8,1,1,10,4,1,0.815123609728079,7.856409093639743,1
7.212727574073728,10,4,0,1,1,5,0.8925488570478538,5.322612972665481,0
6.005493637213338,5,4,0,5,7,3,0.4050146747581408,2.842547761675171,0
5.057462366490577,8,0,1,5,4,4,0.3352459728215723,0.892442460470994,0
5.928233524506215,4,1,0,2,3,2,0.3552159317055513,0.10474313727061846,0
6.249784731988106,7,1,0,8,4,4,0.476894579368218,1.1302658977739855,0
9.142777989530407,8,4,0,6,4,3,0.8161082988769746,4.943828886854413,0
6.15891795144675,0,4,0,8,5,2,0.7144356381264794,1.8198123610389032,0
6.744450375209118,8,5,0,9,6,0,0.4723907100363235,1.1960210848477586,0
5.066255167519553,8,4,0,4,6,4,0.6609646137578398,3.4833772124403,0
6.924018086105516,6,4,0,6,7,4,0.6593698089267651,3.5612713986784104,0
5.806814005276919,0,5,0,10,9,2,0.4207684208508409,2.713123320775625,0
6.771356636086079,2,3,1,8,9,3,0.4555012473663401,2.9273832743599097,0
6.338003994308537,5,5,1,7,7,2,0.5784392215860479,3.061225712876297,0
7.078875517616609,0,2,0,9,7,1,0.5858469538527248,-0.42726941663684803,0
9.352634831346922,1,4,1,0,4,4,0.668603287782876,3.639346298141876,0
5.714209824071659,9,0,0,4,9,0,0.6394488625389203,3.4330933744926933,0
9.286544511804205,10,4,0,4,10,1,0.6266361917613575,6.61165231756841,1
8.61721831177456,7,0,0,8,5,0,0.74254732998977,4.701020137120051,0
7.256470565146275,2,2,1,8,2,2,0.5378498636548937,2.985509970432685,0
6.939130449584656,7,1,0,1,7,5,0.5396300449572687,3.0459645134250017,0
9.239639418816743,3,0,0,1,1,4,0.9019072725967234,2.416829635472598,0
7.167361163778172,10,1,0,2,2,2,0.675260267143081,2.4425788984711962,0
6.847870997133866,10,3,1,10,9,2,0.7646442011310297,6.897584572896369,1
9.15683853110985,0,0,1,1,7,0,0.7905075466875547,5.063240633881158,0
6.751014955453652,9,3,0,2,4,2,0.6102368925259853,0.6818005133340344,0
8.711265935995435,6,3,0,5,9,0,0.6291155098330801,2.027251326805457,0
8.871513414722976,9,4,0,5,9,3,0.7369606100580514,8.119757810160744,1
8.581985559790494,5,2,0,7,10,1,0.7124254214340435,3.752643310188792,0
5.939601904076615,0,1,1,1,2,1,0.5253881419431818,1.7086956829500557,0
9.792489178338702,0,5,1,8,2,5,0.874116415665948,6.8890199232742955,0
7.315573569187557,10,3,0,5,9,4,0.9074698642702697,3.9851844984377207,0
8.890126215723265,6,5,1,3,9,4,0.873919287206036,5.944970899813824,0
6.320021749797329,4,2,0,4,7,5,0.633423695652829,2.203673179857261,0
6.615136728770469,7,5,0,7,7,4,0.5182097993647965,2.2344602516485135,0
8.740023681857018,0,5,0,5,10,3,0.9515468639382691,4.780801323104729,0
9.66785541728824,10,4,1,2,10,2,0.7855811493111805,6.714116781822955,0
9.45855432601373,4,2,1,10,4,2,0.5078714564978385,2.936045295414677,0
5.08574890957599,7,1,0,3,6,2,0.3026730804271822,1.058728015731403,0
7.011674776186664,2,0,1,2,10,1,0.8536985000164639,4.888020459467535,0
6.946152358458942,3,2,0,7,10,5,0.4857429718297171,3.8662611747257296,0
7.346426136628952,4,3,1,3,5,0,0.7305834506269551,5.286501502155527,0
7.52001881798163,10,4,1,10,6,5,0.6865613092111917,9.912970381120921,1
8.485679029459046,8,5,1,5,2,0,0.8179701634133554,7.096658307805301,1
5.896780051446205,5,5,1,0,1,3,0.6426976717230029,1.300089380810127,0
8.42850271466822,5,2,1,7,9,5,0.9408078199389989,4.54201031222288,0
7.922498977653952,0,5,1,3,5,1,0.870282361629755,4.659295081360475,0
8.513201029291144,7,1,1,0,3,3,0.6231430094052658,2.764529530108046,0
8.453398855740033,10,4,0,7,10,4,0.9000367160384339,7.329130437710714,1
8.015197775266417,8,4,1,3,6,4,0.9876715667395353,8.256270980107299,1
9.084869536359184,9,5,0,2,10,1,0.535517444522001,3.6894513114161844,0
7.345536055237893,5,1,1,3,4,3,0.9865383989561491,4.707660047226719,0
8.796462534592369,7,3,1,6,7,2,0.6631269590205734,3.6595238076158,0
5.6483948911211765,6,3,0,3,3,4,0.38505770865464073,0.8029560417082471,0
9.491190319766176,1,5,0,7,7,5,0.7422689975400054,4.449848537258777,0
9.019024452417376,4,5,1,7,7,2,0.501570453024061,1.6773551597362895,0
5.871217008226898,6,0,0,6,9,0,0.6575932273901206,1.8767607324050362,0
5.9536299379544735,8,1,0,7,0,1,0.45693774836123524,0.46184730485873327,0
7.690113526819514,6,4,0,8,7,3,0.5079115859984105,0.2614579661174865,0
8.28027510987852,5,2,1,6,8,2,0.8998589568093598,7.809280311248736,1
8.492653126045685,10,0,1,7,0,0,0.5877458136906787,5.6205493375639595,0
8.223726242884092,3,3,0,7,8,4,0.8308336298145945,5.78505520455935,1
7.854387084197381,4,5,0,2,5,1,0.9515953894172146,5.4865826965874795,0
6.855847580097657,5,5,1,2,9,2,0.7469926025234803,6.552153821647655,1
8.647318849158319,4,5,1,8,8,5,0.7600370305555753,9.226881393752784,1
8.758380860114595,9,1,0,3,3,4,0.616027869850578,3.7905533044648743,0
6.326850558009877,0,4,0,7,9,1,0.7742514716090974,3.1475139691187652,0
9.6226123436595,10,4,0,4,0,3,0.8802878212276412,7.357893827801403,1
7.436326770500254,1,0,1,6,1,4,0.8540609174503127,6.002740152421793,0
5.22726250217898,0,2,1,8,3,1,0.6867763709324436,2.3323310000832542,0
5.617004076027982,3,5,0,8,3,0,0.7195901974901493,-0.21883119640527493,0
5.248071866694187,0,4,1,8,8,2,0.386748025177511,1.5208662796910712,0
6.898757614596587,7,1,1,2,10,2,0.6257578416644463,4.142479506241736,0
9.282467013812868,7,5,1,1,5,4,0.8747130029904043,4.6699555235928205,0
7.155562025485025,7,0,0,2,2,2,0.646258212738126,1.2156652529171115,0
5.207495835915397,6,3,0,0,5,2,0.3961549480168137,0.4435281074604218,0
6.478272708062427,5,4,0,3,3,5,0.438732339862477,2.771181046027346,0
9.950544230434328,9,3,0,7,7,2,0.9247671077439507,7.333508042679445,1
9.95848036686226,0,3,1,7,1,3,0.5992455373026746,2.8223250043904473,0
8.550663202822687,7,5,0,8,1,2,0.6233293079027032,2.7173856455168472,0
7.354801262173668,9,0,1,3,7,1,0.5885962505055955,3.0230218933285578,0
9.707664551422205,0,2,1,8,4,3,0.7055987444412729,4.75264959162314,0
7.012031296496559,1,3,1,6,3,0,0.7200290232546993,3.6058459441541113,0
8.018984959645481,3,0,1,5,4,5,0.7429087144563158,4.166512372225687,0
